set define off







    insert into gics_sector           values ('10'          ,               'Energy'                                                 ); 
    insert into gics_industry_group   values ('1010'        , '10'        ,    'Energy'                                              ); 
    insert into gics_industry         values ('101010'      , '1010'      ,       'Energy Equipment & Services'                      ); 
    insert into gics_subindustry      values ('10101010'    , '101010'    ,          'Oil & Gas Drilling'                            ); 
    insert into gics_subindustry      values ('10101020'    , '101010'    ,          'Oil & Gas Equipment & Services'                ); 
    insert into gics_industry         values ('101020'      , '1010'      ,       'Oil, Gas & Consumable Fuels'                      ); 
    insert into gics_subindustry      values ('10102010'    , '101020'    ,          'Integrated Oil & Gas'                          ); 
    insert into gics_subindustry      values ('10102020'    , '101020'    ,          'Oil & Gas Exploration & Production'            ); 
    insert into gics_subindustry      values ('10102030'    , '101020'    ,          'Oil & Gas Refining & Marketing'                ); 
    insert into gics_subindustry      values ('10102040'    , '101020'    ,          'Oil & Gas Storage & Transportation'            ); 
    insert into gics_subindustry      values ('10102050'    , '101020'    ,          'Coal & Consumable Fuels'                       ); 
    insert into gics_sector           values ('15'          ,               'Materials'                                              ); 
    insert into gics_industry_group   values ('1510'        , '15'        ,    'Materials'                                           ); 
    insert into gics_industry         values ('151010'      , '1510'      ,       'Chemicals'                                        ); 
    insert into gics_subindustry      values ('15101010'    , '151010'    ,          'Commodity Chemicals'                           ); 
    insert into gics_subindustry      values ('15101020'    , '151010'    ,          'Diversified Chemicals'                         ); 
    insert into gics_subindustry      values ('15101030'    , '151010'    ,          'Fertilizers & Agricultural Chemicals'          ); 
    insert into gics_subindustry      values ('15101040'    , '151010'    ,          'Industrial Gases'                              ); 
    insert into gics_subindustry      values ('15101050'    , '151010'    ,          'Specialty Chemicals'                           ); 
    insert into gics_industry         values ('151020'      , '1510'      ,       'Construction Materials'                           ); 
    insert into gics_subindustry      values ('15102010'    , '151020'    ,          'Construction Materials'                        ); 
    insert into gics_industry         values ('151030'      , '1510'      ,       'Containers & Packaging'                           ); 
    insert into gics_subindustry      values ('15103010'    , '151030'    ,          'Metal & Glass Containers'                      ); 
    insert into gics_subindustry      values ('15103020'    , '151030'    ,          'Paper Packaging'                               ); 
    insert into gics_industry         values ('151040'      , '1510'      ,       'Metals & Mining'                                  ); 
    insert into gics_subindustry      values ('15104010'    , '151040'    ,          'Aluminum'                                      ); 
    insert into gics_subindustry      values ('15104020'    , '151040'    ,          'Diversified Metals & Mining'                   ); 
    insert into gics_subindustry      values ('15104030'    , '151040'    ,          'Gold'                                          ); 
    insert into gics_subindustry      values ('15104040'    , '151040'    ,          'Precious Metals & Minerals'                    ); 
    insert into gics_subindustry      values ('15104050'    , '151040'    ,          'Steel'                                         ); 
    insert into gics_industry         values ('151050'      , '1510'      ,       'Paper & Forest Products'                          ); 
    insert into gics_subindustry      values ('15105010'    , '151050'    ,          'Forest Products'                               ); 
    insert into gics_subindustry      values ('15105020'    , '151050'    ,          'Paper Products'                                ); 
    insert into gics_sector           values ('20'          ,               'Industrials'                                            ); 
    insert into gics_industry_group   values ('2010'        , '20'        ,    'Capital Goods'                                       ); 
    insert into gics_industry         values ('201010'      , '2010'      ,       'Aerospace & Defense'                              ); 
    insert into gics_subindustry      values ('20101010'    , '201010'    ,          'Aerospace & Defense'                           ); 
    insert into gics_industry         values ('201020'      , '2010'      ,       'Building Products'                                ); 
    insert into gics_subindustry      values ('20102010'    , '201020'    ,          'Building Products'                             ); 
    insert into gics_industry         values ('201030'      , '2010'      ,       'Construction & Engineering'                       ); 
    insert into gics_subindustry      values ('20103010'    , '201030'    ,          'Construction & Engineering'                    ); 
    insert into gics_industry         values ('201040'      , '2010'      ,       'Electrical Equipment'                             ); 
    insert into gics_subindustry      values ('20104010'    , '201040'    ,          'Electrical Components & Equipment'             ); 
    insert into gics_subindustry      values ('20104020'    , '201040'    ,          'Heavy Electrical Equipment'                    ); 
    insert into gics_industry         values ('201050'      , '2010'      ,       'Industrial Conglomerates'                         ); 
    insert into gics_subindustry      values ('20105010'    , '201050'    ,          'Industrial Conglomerates'                      ); 
    insert into gics_industry         values ('201060'      , '2010'      ,       'Machinery'                                        ); 
    insert into gics_subindustry      values ('20106010'    , '201060'    ,          'Construction & Farm Machinery & Heavy Trucks'  ); 
    insert into gics_subindustry      values ('20106020'    , '201060'    ,          'Industrial Machinery'                          ); 
    insert into gics_industry         values ('201070'      , '2010'      ,       'Trading Companies & Distributors'                 ); 
    insert into gics_subindustry      values ('20107010'    , '201070'    ,          'Trading Companies & Distributors'              ); 
    insert into gics_industry_group   values ('2020'        , '20'        ,    'Commercial & Professional Services'                  ); 
    insert into gics_industry         values ('202010'      , '2020'      ,       'Commercial Services & Supplies'                   ); 
    insert into gics_subindustry      values ('20201010'    , '202010'    ,          'Commercial Printing'                           ); 
--  insert into gics_subindustry      values ('20201020'    , '202010'    ,          'Data Processing Services'                      ); -- Discontinued, effective 04/30/2003.'
--  insert into gics_subindustry      values ('20201030'    , '202010'    ,          'Diversified Commercial & Professional Services'); -- Discontinued, effective 08/31/2008' 
--  insert into gics_subindustry      values ('20201040'    , '202010'    ,          'Human Resource & Employment Services'          ); -- Discontinued, effective 08/31/2008'
    insert into gics_subindustry      values ('20201050'    , '202010'    ,          'Environmental & Facilities Services'           ); 
    insert into gics_subindustry      values ('20201060'    , '202010'    ,          'Office Services & Supplies'                    ); 
    insert into gics_subindustry      values ('20201070'    , '202010'    ,          'Diversified Support Services'                  ); 
    insert into gics_subindustry      values ('20201080'    , '202010'    ,          'Security & Alarm Services'                     ); 
    insert into gics_industry         values ('202020'      , '2020'      ,       'Professional Services'                            ); 
    insert into gics_subindustry      values ('20202010'    , '202020'    ,          'Human Resource & Employment Services'          ); 
    insert into gics_subindustry      values ('20202020'    , '202020'    ,          'Research & Consulting Services'                ); 
    insert into gics_industry_group   values ('2030'        , '20'        ,    'Transportation'                                      ); 
    insert into gics_industry         values ('203010'      , '2030'      ,       'Air Freight & Logistics'                          ); 
    insert into gics_subindustry      values ('20301010'    , '203010'    ,          'Air Freight & Logistics'                       ); 
    insert into gics_industry         values ('203020'      , '2030'      ,       'Airlines'                                         ); 
    insert into gics_subindustry      values ('20302010'    , '203020'    ,          'Airlines'                                      ); 
    insert into gics_industry         values ('203030'      , '2030'      ,       'Marine'                                           ); 
    insert into gics_subindustry      values ('20303010'    , '203030'    ,          'Marine'                                        ); 
    insert into gics_industry         values ('203040'      , '2030'      ,       'Road & Rail'                                      ); 
    insert into gics_subindustry      values ('20304010'    , '203040'    ,          'Railroads'                                     ); 
    insert into gics_subindustry      values ('20304020'    , '203040'    ,          'Trucking'                                      ); 
    insert into gics_industry         values ('203050'      , '2030'      ,       'Transportation Infrastructure'                    ); 
    insert into gics_subindustry      values ('20305010'    , '203050'    ,          'Airport Services'                              ); 
    insert into gics_subindustry      values ('20305020'    , '203050'    ,          'Highways & Railtracks'                         ); 
    insert into gics_subindustry      values ('20305030'    , '203050'    ,          'Marine Ports & Services'                       ); 
    insert into gics_sector           values ('25'          ,               'Consumer Discretionary'                                 ); 
    insert into gics_industry_group   values ('2510'        , '25'        ,    'Automobiles & Components'                            ); 
    insert into gics_industry         values ('251010'      , '2510'      ,       'Auto Components'                                  ); 
    insert into gics_subindustry      values ('25101010'    , '251010'    ,          'Auto Parts & Equipment'                        ); 
    insert into gics_subindustry      values ('25101020'    , '251010'    ,          'Tires & Rubber'                                ); 
    insert into gics_industry         values ('251020'      , '2510'      ,       'Automobiles'                                      ); 
    insert into gics_subindustry      values ('25102010'    , '251020'    ,          'Automobile Manufacturers'                      ); 
    insert into gics_subindustry      values ('25102020'    , '251020'    ,          'Motorcycle Manufacturers'                      ); 
    insert into gics_industry_group   values ('2520'        , '25'        ,    'Consumer Durables & Apparel'                         ); 
    insert into gics_industry         values ('252010'      , '2520'      ,       'Household Durables'                               ); 
    insert into gics_subindustry      values ('25201010'    , '252010'    ,          'Consumer Electronics'                          ); 
    insert into gics_subindustry      values ('25201020'    , '252010'    ,          'Home Furnishings'                              ); 
    insert into gics_subindustry      values ('25201030'    , '252010'    ,          'Homebuilding'                                  ); 
    insert into gics_subindustry      values ('25201040'    , '252010'    ,          'Household Appliances'                          ); 
    insert into gics_subindustry      values ('25201050'    , '252010'    ,          'Housewares & Specialties'                      ); 
    insert into gics_industry         values ('252020'      , '2520'      ,       'Leisure Equipment & Products'                     ); 
    insert into gics_subindustry      values ('25202010'    , '252020'    ,          'Leisure Products'                              ); 
    insert into gics_subindustry      values ('25202020'    , '252020'    ,          'Photographic Products'                         ); 
    insert into gics_industry         values ('252030'      , '2520'      ,       'Textiles, Apparel & Luxury Goods'                 ); 
    insert into gics_subindustry      values ('25203010'    , '252030'    ,          'Apparel, Accessories & Luxury Goods'           ); 
    insert into gics_subindustry      values ('25203020'    , '252030'    ,          'Footwear'                                      ); 
    insert into gics_subindustry      values ('25203030'    , '252030'    ,          'Textiles'                                      ); 
    insert into gics_industry_group   values ('2530'        , '25'        ,    'Consumer Services'                                   ); 
    insert into gics_industry         values ('253010'      , '2530'      ,       'Hotels, Restaurants & Leisure'                    ); 
    insert into gics_subindustry      values ('25301010'    , '253010'    ,          'Casinos & Gaming'                              ); 
    insert into gics_subindustry      values ('25301020'    , '253010'    ,          'Hotels, Resorts & Cruise Lines'                ); 
    insert into gics_subindustry      values ('25301030'    , '253010'    ,          'Leisure Facilities'                            ); 
    insert into gics_subindustry      values ('25301040'    , '253010'    ,          'Restaurants'                                   ); 
    insert into gics_industry         values ('253020'      , '2530'      ,       'Diversified Consumer Services'                    ); 
    insert into gics_subindustry      values ('25302010'    , '253020'    ,          'Education Services'                            ); 
    insert into gics_subindustry      values ('25302020'    , '253020'    ,          'Specialized Consumer Services'                 ); 
    insert into gics_industry_group   values ('2540'        , '25'        ,    'Media'                                               ); 
    insert into gics_industry         values ('254010'      , '2540'      ,       'Media'                                            ); 
    insert into gics_subindustry      values ('25401010'    , '254010'    ,          'Advertising'                                   ); 
    insert into gics_subindustry      values ('25401020'    , '254010'    ,          'Broadcasting'                                  ); 
    insert into gics_subindustry      values ('25401025'    , '254010'    ,          'Cable & Satellite'                             ); 
    insert into gics_subindustry      values ('25401030'    , '254010'    ,          'Movies & Entertainment'                        ); 
    insert into gics_subindustry      values ('25401040'    , '254010'    ,          'Publishing'                                    ); 
    insert into gics_industry_group   values ('2550'        , '25'        ,    'Retailing'                                           ); 
    insert into gics_industry         values ('255010'      , '2550'      ,       'Distributors'                                     ); 
    insert into gics_subindustry      values ('25501010'    , '255010'    ,          'Distributors'                                  ); 
    insert into gics_industry         values ('255020'      , '2550'      ,       'Internet & Catalog Retail'                        ); 
    insert into gics_subindustry      values ('25502010'    , '255020'    ,          'Catalog Retail'                                ); 
    insert into gics_subindustry      values ('25502020'    , '255020'    ,          'Internet Retail'                               ); 
    insert into gics_industry         values ('255030'      , '2550'      ,       'Multiline Retail'                                 ); 
    insert into gics_subindustry      values ('25503010'    , '255030'    ,          'Department Stores'                             ); 
    insert into gics_subindustry      values ('25503020'    , '255030'    ,          'General Merchandise Stores'                    ); 
    insert into gics_industry         values ('255040'      , '2550'      ,       'Specialty Retail'                                 ); 
    insert into gics_subindustry      values ('25504010'    , '255040'    ,          'Apparel Retail'                                ); 
    insert into gics_subindustry      values ('25504020'    , '255040'    ,          'Computer & Electronics Retail'                 ); 
    insert into gics_subindustry      values ('25504030'    , '255040'    ,          'Home Improvement Retail'                       ); 
    insert into gics_subindustry      values ('25504040'    , '255040'    ,          'Specialty Stores'                              ); 
    insert into gics_subindustry      values ('25504050'    , '255040'    ,          'Automotive Retail'                             ); 
    insert into gics_subindustry      values ('25504060'    , '255040'    ,          'Homefurnishing Retail'                         ); 
    insert into gics_sector           values ('30'          ,               'Consumer Staples'                                       ); 
    insert into gics_industry_group   values ('3030'        , '30'        ,    'Household & Personal Products'                       ); 
    insert into gics_industry         values ('303010'      , '3030'      ,       'Household Products'                               ); 
    insert into gics_subindustry      values ('30301010'    , '303010'    ,          'Household Products'                            ); 
    insert into gics_industry         values ('303020'      , '3030'      ,       'Personal Products'                                ); 
    insert into gics_subindustry      values ('30302010'    , '303020'    ,          'Personal Products'                             ); 
    insert into gics_industry_group   values ('3020'        , '30'        ,    'Food, Beverage & Tobacco'                            ); 
    insert into gics_industry         values ('302010'      , '3020'      ,       'Beverages'                                        ); 
    insert into gics_subindustry      values ('30201010'    , '302010'    ,          'Brewers'                                       ); 
    insert into gics_subindustry      values ('30201020'    , '302010'    ,          'Distillers & Vintners'                         ); 
    insert into gics_subindustry      values ('30201030'    , '302010'    ,          'Soft Drinks'                                   ); 
    insert into gics_industry         values ('302020'      , '3020'      ,       'Food Products'                                    ); 
    insert into gics_subindustry      values ('30202010'    , '302020'    ,          'Agricultural Products'                         ); 
--  insert into gics_subindustry      values ('30202020'    , '302020'    ,          'Meat, Poultry & Fish'                          ); -- Discontinued, effective 28/03/2002
    insert into gics_subindustry      values ('30202030'    , '302020'    ,          'Packaged Foods & Meats'                        ); 
    insert into gics_industry         values ('302030'      , '3020'      ,       'Tobacco'                                          ); 
    insert into gics_subindustry      values ('30203010'    , '302030'    ,          'Tobacco'                                       ); 
    insert into gics_industry_group   values ('3010'        , '30'        ,    'Food & Staples Retailing'                            ); 
    insert into gics_industry         values ('301010'      , '3010'      ,       'Food & Staples Retailing'                         ); 
    insert into gics_subindustry      values ('30101010'    , '301010'    ,          'Drug Retail'                                   ); 
    insert into gics_subindustry      values ('30101020'    , '301010'    ,          'Food Distributors'                             ); 
    insert into gics_subindustry      values ('30101030'    , '301010'    ,          'Food Retail'                                   ); 
    insert into gics_subindustry      values ('30101040'    , '301010'    ,          'Hypermarkets & Super Centers'                  ); 
    insert into gics_sector           values ('35'          ,               'Health Care'                                            ); 
    insert into gics_industry_group   values ('3520'        , '35'        ,    'Pharmaceuticals, Biotechnology & Life Sciences'      ); 
    insert into gics_industry         values ('352010'      , '3520'      ,       'Biotechnology'                                    ); 
    insert into gics_subindustry      values ('35201010'    , '352010'    ,          'Biotechnology'                                 ); 
    insert into gics_industry         values ('352020'      , '3520'      ,       'Pharmaceuticals'                                  ); 
    insert into gics_subindustry      values ('35202010'    , '352020'    ,          'Pharmaceuticals'                               ); 
    insert into gics_industry         values ('352030'      , '3520'      ,       'Life Sciences Tools & Services'                   ); 
    insert into gics_subindustry      values ('35203010'    , '352030'    ,          'Life Sciences Tools & Services'                ); 
    insert into gics_industry_group   values ('3510'        , '35'        ,    'Health Care Equipment & Services'                    ); 
    insert into gics_industry         values ('351010'      , '3510'      ,       'Health Care Equipment & Supplies'                 ); 
    insert into gics_subindustry      values ('35101010'    , '351010'    ,          'Health Care Equipment'                         ); 
    insert into gics_subindustry      values ('35101020'    , '351010'    ,          'Health Care Supplies'                          ); 
    insert into gics_industry         values ('351020'      , '3510'      ,       'Health Care Providers & Services'                 ); 
    insert into gics_subindustry      values ('35102010'    , '351020'    ,          'Health Care Distributors'                      ); 
    insert into gics_subindustry      values ('35102015'    , '351020'    ,          'Health Care  Services'                         ); 
    insert into gics_subindustry      values ('35102020'    , '351020'    ,          'Health Care Facilities'                        ); 
    insert into gics_subindustry      values ('35102030'    , '351020'    ,          'Managed Health Care'                           ); 
    insert into gics_industry         values ('351030'      , '3510'      ,       'Health Care Technology'                           ); 
    insert into gics_subindustry      values ('35103010'    , '351030'    ,          'Health Care Technology'                        ); 
    insert into gics_sector           values ('40'          ,               'Financials'                                             ); 
    insert into gics_industry_group   values ('4040'        , '40'        ,    'Real Estate'                                         ); 
--  insert into gics_industry         values ('404010'      , '4040'      ,       'Real Estate'                                      ); -- Discontinued, effective 04/28/2006
--  insert into gics_subindustry      values ('40401010'    , '404010'    ,          'Real Estate Investment Trusts'                 ); -- Discontinued, effective 04/28/2006
--  insert into gics_subindustry      values ('40401020'    , '404010'    ,          'Real Estate Management & Development'          ); -- Discontinued, effective 04/28/2006
    insert into gics_industry         values ('404020'      , '4040'      ,       'Real Estate Investment Trusts (REITs)'            ); 
    insert into gics_subindustry      values ('40402010'    , '404020'    ,          'Diversified REIT''s'                           ); 
    insert into gics_subindustry      values ('40402020'    , '404020'    ,          'Industrial REIT''s'                            ); 
    insert into gics_subindustry      values ('40402030'    , '404020'    ,          'Mortgage REIT''s'                              ); 
    insert into gics_subindustry      values ('40402040'    , '404020'    ,          'Office REIT''s'                                ); 
    insert into gics_subindustry      values ('40402050'    , '404020'    ,          'Residential REIT''s'                           ); 
    insert into gics_subindustry      values ('40402060'    , '404020'    ,          'Retail REIT''s'                                ); 
    insert into gics_subindustry      values ('40402070'    , '404020'    ,          'Specialized REIT''s'                           ); 
    insert into gics_industry         values ('404030'      , '4040'      ,       'Real Estate Management & Development'             ); 
    insert into gics_subindustry      values ('40403010'    , '404030'    ,          'Diversified Real Estate Activities'            ); 
    insert into gics_subindustry      values ('40403020'    , '404030'    ,          'Real Estate Operating Companies'               ); 
    insert into gics_subindustry      values ('40403030'    , '404030'    ,          'Real Estate Development'                       ); 
    insert into gics_subindustry      values ('40403040'    , '404030'    ,          'Real Estate Services'                          ); 
    insert into gics_industry_group   values ('4030'        , '40'        ,    'Insurance'                                           ); 
    insert into gics_industry         values ('403010'      , '4030'      ,       'Insurance'                                        ); 
    insert into gics_subindustry      values ('40301010'    , '403010'    ,          'Insurance Brokers'                             ); 
    insert into gics_subindustry      values ('40301020'    , '403010'    ,          'Life & Health Insurance'                       ); 
    insert into gics_subindustry      values ('40301030'    , '403010'    ,          'Multi-line Insurance'                          ); 
    insert into gics_subindustry      values ('40301040'    , '403010'    ,          'Property & Casualty Insurance'                 ); 
    insert into gics_subindustry      values ('40301050'    , '403010'    ,          'Reinsurance'                                   ); 
    insert into gics_industry_group   values ('4020'        , '40'        ,    'Diversified Financials'                              ); 
    insert into gics_industry         values ('402010'      , '4020'      ,       'Diversified Financial Services'                   ); 
--  insert into gics_subindustry      values ('40201010'    , '402010'    ,          'Consumer Finance'                              ); -- Discontinued, effective 04/30/2003
    insert into gics_subindustry      values ('40201020'    , '402010'    ,          'Other Diversified Financial Services'          ); 
    insert into gics_subindustry      values ('40201030'    , '402010'    ,          'Multi-Sector Holdings'                         ); 
    insert into gics_subindustry      values ('40201040'    , '402010'    ,          'Specialized Finance'                           ); 
    insert into gics_industry         values ('402020'      , '4020'      ,       'Consumer Finance'                                 ); 
    insert into gics_subindustry      values ('40202010'    , '402020'    ,          'Consumer Finance'                              ); 
    insert into gics_industry         values ('402030'      , '4020'      ,       'Capital Markets'                                  ); 
    insert into gics_subindustry      values ('40203010'    , '402030'    ,          'Asset Management & Custody Banks'              ); 
    insert into gics_subindustry      values ('40203020'    , '402030'    ,          'Investment Banking & Brokerage'                ); 
    insert into gics_subindustry      values ('40203030'    , '402030'    ,          'Diversified Capital Markets'                   ); 
    insert into gics_industry_group   values ('4010'        , '40'        ,    'Banks'                                               ); 
    insert into gics_industry         values ('401010'      , '4010'      ,       'Commercial Banks'                                 ); 
    insert into gics_subindustry      values ('40101010'    , '401010'    ,          'Diversified Banks'                             ); 
    insert into gics_subindustry      values ('40101015'    , '401010'    ,          'Regional Banks'                                ); 
    insert into gics_industry         values ('401020'      , '4010'      ,       'Thrifts & Mortgage Finance'                       ); 
    insert into gics_subindustry      values ('40102010'    , '401020'    ,          'Thrifts & Mortgage Finance'                    ); 
    insert into gics_sector           values ('45'          ,               'Information Technology'                                 ); 
    insert into gics_industry_group   values ('4530'        , '45'        ,    'Semiconductors & Semiconductor Equipment'            ); 
    insert into gics_industry         values ('453010'      , '4530'      ,       'Semiconductors & Semiconductor Equipment'         ); 
    insert into gics_subindustry      values ('45301010'    , '453010'    ,          'Semiconductor Equipment'                       ); 
    insert into gics_subindustry      values ('45301020'    , '453010'    ,          'Semiconductors'                                ); 
    insert into gics_industry_group   values ('4520'        , '45'        ,    'Technology Hardware & Equipment'                     ); 
    insert into gics_industry         values ('452010'      , '4520'      ,       'Communications Equipment'                         ); 
    insert into gics_subindustry      values ('45201020'    , '452010'    ,          'Communications Equipment'                      ); 
--  insert into gics_subindustry      values ('45201010'    , '452010'    ,          'Networking Equipment'                          ); -- Discontinued, effective 04/30/2003
--  insert into gics_subindustry      values ('45201020'    , '452010'    ,          'Telecommunications Equipment'                  ); -- Discontinued, effective 04/30/2003
    insert into gics_industry         values ('452020'      , '4520'      ,       'Computers & Peripherals'                          ); 
    insert into gics_subindustry      values ('45202010'    , '452020'    ,          'Computer Hardware'                             ); 
    insert into gics_subindustry      values ('45202020'    , '452020'    ,          'Computer Storage & Peripherals'                ); 
    insert into gics_industry         values ('452030'      , '4520'      ,       'Electronic Equipment, Instruments & Components'   ); 
    insert into gics_subindustry      values ('45203010'    , '452030'    ,          'Electronic Equipment & Instruments'            ); 
    insert into gics_subindustry      values ('45203015'    , '452030'    ,          'Electronic Components'                         ); 
    insert into gics_subindustry      values ('45203020'    , '452030'    ,          'Electronic Manufacturing Services'             ); 
    insert into gics_subindustry      values ('45203030'    , '452030'    ,          'Technology Distributors'                       ); 
    insert into gics_industry         values ('452040'      , '4520'      ,       'Office Electronics'                               ); 
    insert into gics_subindustry      values ('45204010'    , '452040'    ,          'Office Electronics'                            ); 
--  insert into gics_industry         values ('452050'      , '4520'      ,       'Semiconductor Equipment & Products'               ); -- Discontinued, effective 04/30/2003
--  insert into gics_subindustry      values ('45205010'    , '452050'    ,          'Semiconductor Equipment'                       ); -- Discontinued, effective 04/30/2003
--  insert into gics_subindustry      values ('45205020'    , '452050'    ,          'Semiconductors'                                ); -- Discontinued, effective 04/30/2003
    insert into gics_industry_group   values ('4510'        , '45'        ,    'Software & Services'                                 ); 
    insert into gics_industry         values ('451010'      , '4510'      ,       'Internet Software & Services'                     ); 
    insert into gics_subindustry      values ('45101010'    , '451010'    ,          'Internet Software & Services'                  ); 
    insert into gics_industry         values ('451020'      , '4510'      ,       'IT Services'                                      ); 
    insert into gics_subindustry      values ('45102010'    , '451020'    ,          'IT Consulting & Other Services'                ); 
    insert into gics_subindustry      values ('45102020'    , '451020'    ,          'Data Processing & Outsourced Services'         ); 
    insert into gics_industry         values ('451030'      , '4510'      ,       'Software'                                         ); 
    insert into gics_subindustry      values ('45103010'    , '451030'    ,          'Application Software'                          ); 
    insert into gics_subindustry      values ('45103020'    , '451030'    ,          'Systems Software'                              ); 
    insert into gics_subindustry      values ('45103030'    , '451030'    ,          'Home Entertainment Software'                   ); 
    insert into gics_sector           values ('50'          ,               'Telecommunication Services'                             ); 
    insert into gics_industry_group   values ('5010'        , '50'        ,    'Telecommunication Services'                          ); 
    insert into gics_industry         values ('501010'      , '5010'      ,       'Diversified Telecommunication Services'           ); 
    insert into gics_subindustry      values ('50101010'    , '501010'    ,          'Alternative Carriers'                          ); 
    insert into gics_subindustry      values ('50101020'    , '501010'    ,          'Integrated Telecommunication Services'         ); 
    insert into gics_industry         values ('501020'      , '5010'      ,       'Wireless Telecommunication Services'              ); 
    insert into gics_subindustry      values ('50102010'    , '501020'    ,          'Wireless Telecommunication Services'           ); 
    insert into gics_sector           values ('55'          ,               'Utilities'                                              ); 
    insert into gics_industry_group   values ('5510'        , '55'        ,    'Utilities'                                           ); 
    insert into gics_industry         values ('551010'      , '5510'      ,       'Electric Utilities'                               ); 
    insert into gics_subindustry      values ('55101010'    , '551010'    ,          'Electric Utilities'                            ); 
    insert into gics_industry         values ('551020'      , '5510'      ,       'Gas Utilities'                                    ); 
    insert into gics_subindustry      values ('55102010'    , '551020'    ,          'Gas Utilities'                                 ); 
    insert into gics_industry         values ('551030'      , '5510'      ,       'Multi-Utilities'                                  ); 
    insert into gics_subindustry      values ('55103010'    , '551030'    ,          'Multi-Utilities'                               ); 
    insert into gics_industry         values ('551040'      , '5510'      ,       'Water Utilities'                                  ); 
    insert into gics_subindustry      values ('55104010'    , '551040'    ,          'Water Utilities'                               ); 
    insert into gics_industry         values ('551050'      , '5510'      ,       'Independent Power Producers & Energy Traders'     ); 
    insert into gics_subindustry      values ('55105010'    , '551050'    ,          'Independent Power Producers & Energy Traders'  ); 


